{"cameraMode":{"drawMode":0,"name":"Shaded","section":"Shading Mode"},"sceneLighting":true,"audioPlay":false,"sceneViewState":{"m_AlwaysRefresh":false,"showFog":true,"showSkybox":true,"showFlares":true,"showImageEffects":true,"showParticleSystems":true,"showVisualEffectGraphs":true,"m_FxEnabled":true},"in2DMode":false,"pivot":{"x":1.056782841682434,"y":3.2330145835876467,"z":-7.348330974578857},"rotation":{"x":-0.0901273861527443,"y":0.036439523100852969,"z":-0.0032991052139550449,"w":-0.9952482581138611},"size":2.04757022857666,"orthographic":false}