{"cameraMode":{"drawMode":0,"name":"Shaded","section":"Shading Mode"},"sceneLighting":true,"audioPlay":false,"sceneViewState":{"m_AlwaysRefresh":false,"showFog":true,"showSkybox":true,"showFlares":true,"showImageEffects":true,"showParticleSystems":true,"showVisualEffectGraphs":true,"m_FxEnabled":true},"in2DMode":false,"pivot":{"x":5.605515480041504,"y":22.55866813659668,"z":8.692049980163575},"rotation":{"x":-0.17194701731204987,"y":0.006498726084828377,"z":-0.0011336226016283036,"w":-0.9850733280181885},"size":27.336511611938478,"orthographic":false}