{"cameraMode":{"drawMode":0,"name":"Shaded","section":"Shading Mode"},"sceneLighting":false,"audioPlay":false,"sceneViewState":{"m_AlwaysRefresh":false,"showFog":true,"showSkybox":false,"showFlares":true,"showImageEffects":true,"showParticleSystems":true,"showVisualEffectGraphs":true,"m_FxEnabled":true},"in2DMode":false,"pivot":{"x":13.022272109985352,"y":0.926816463470459,"z":-0.10961723327636719},"rotation":{"x":-0.03330197185277939,"y":-0.01289499830454588,"z":0.00043072187690995634,"w":-0.9993531107902527},"size":2.04757022857666,"orthographic":false}